学科名,講義名,シラバスURL
お茶の水女子大学 理学部 情報科学科,システムプログラミング実習,http://tw.ao.ocha.ac.jp/Syllabus/index_gakka.cfm?jugyo=22C5013
お茶の水女子大学 理学部 情報科学科,データ構造とアルゴリズム,http://tw.ao.ocha.ac.jp/Syllabus/index_kamoku.cfm?jugyo=22C5007
お茶の水女子大学 理学部 情報科学科,プログラミング実習,http://tw.ao.ocha.ac.jp/Syllabus/index_gakka.cfm?jugyo=22C5009
お茶の水女子大学 理学部 情報科学科,プログラミング演習１,http://tw.ao.ocha.ac.jp/Syllabus/index_gakka.cfm?jugyo=22A0121
お茶の水女子大学 理学部 情報科学科,プログラミング演習２,http://tw.ao.ocha.ac.jp/Syllabus/index_gakka.cfm?jugyo=22A0137
お茶の水女子大学 理学部 情報科学科,マルチメディアプログラミング実習,http://tw.ao.ocha.ac.jp/Syllabus/index_gakka.cfm?jugyo=22C5018
三重大学 工学部 総合工学科,データ構造・アルゴリズム論,https://syllabus.mie-u.ac.jp/?action=display&id=15559
三重大学 工学部 総合工学科,プログラミング言語 I,https://syllabus.mie-u.ac.jp/syllabus/2022/?action=display&id=23910
三重大学 工学部 総合工学科,プログラミング言語II,https://syllabus.mie-u.ac.jp/?action=display&id=25348
三重大学 工学部 総合工学科,中級プログラミング演習,https://syllabus.mie-u.ac.jp/?action=display&id=25349
三重大学 工学部 総合工学科,初級プログラミング演習,https://syllabus.mie-u.ac.jp/?action=display&id=24707
九州大学 工学部 電気情報工学科,データ構造とアルゴリズムⅠ,https://ku-portal.kyushu-u.ac.jp/campusweb/slbssbdr.do?value(risyunen)=2022&value(semekikn)=1&value(kougicd)=22250048&value(crclumcd)=
九州大学 工学部 電気情報工学科,データ構造とアルゴリズムⅡ,https://ku-portal.kyushu-u.ac.jp/campusweb/slbssbdr.do?value(risyunen)=2022&value(semekikn)=1&value(kougicd)=22250100&value(crclumcd)=
九州大学 工学部 電気情報工学科,データ構造とアルゴリズム演習,https://ku-portal.kyushu-u.ac.jp/campusweb/slbssbdr.do?value(risyunen)=2022&value(semekikn)=1&value(kougicd)=22256009&value(crclumcd)=ZZ
九州大学 工学部 電気情報工学科,プログラミング演習Ⅰ,https://ku-portal.kyushu-u.ac.jp/campusweb/slbssbdr.do?value(risyunen)=2022&value(semekikn)=1&value(kougicd)=22250033&value(crclumcd)=
九州大学 工学部 電気情報工学科,プログラミング論,https://ku-portal.kyushu-u.ac.jp/campusweb/slbssbdr.do?value(risyunen)=2022&value(semekikn)=1&value(kougicd)=22250027&value(crclumcd)=
九州大学 理学部 物理学科,アルゴリズム論,https://ku-portal.kyushu-u.ac.jp/campusweb/slbssbdr.do?value(risyunen)=2022&value(semekikn)=1&value(kougicd)=22221019&value(crclumcd)=
九州大学 理学部 物理学科,アルゴリズム論演習,https://ku-portal.kyushu-u.ac.jp/campusweb/slbssbdr.do?value(risyunen)=2022&value(semekikn)=1&value(kougicd)=22221020&value(crclumcd)=ZZ
九州大学 理学部 物理学科,プログラミング技法,https://ku-portal.kyushu-u.ac.jp/campusweb/slbssbdr.do?value(risyunen)=2022&value(semekikn)=1&value(kougicd)=22221010&value(crclumcd)=ZZ
九州大学 理学部 物理学科,プログラミング技法演習,https://ku-portal.kyushu-u.ac.jp/campusweb/slbssbdr.do?value(risyunen)=2022&value(semekikn)=1&value(kougicd)=22221011&value(crclumcd)=ZZ
九州工業大学 情報工学部 情報・通信工学科,オブジェクト指向プログラミング,https://edragon-syllabus.jimu.kyutech.ac.jp/guest/syllabuses
九州工業大学 情報工学部 情報・通信工学科,データ構造とアルゴリズム,https://edragon-syllabus.jimu.kyutech.ac.jp/guest/syllabuses
九州工業大学 情報工学部 情報・通信工学科,プログラミング,https://edragon-syllabus.jimu.kyutech.ac.jp/guest/syllabuses
京都大学 工学部 情報学科,アルゴリズムとデータ構造入門,https://ocw.kyoto-u.ac.jp/syllabus/?act=detail&syllabus_id=tech_5504&year=2022
京都大学 工学部 情報学科,プログラミング入門,https://ocw.kyoto-u.ac.jp/syllabus/?act=detail&syllabus_id=tech_5511&year=2022
京都大学 工学部 情報学科,プログラミング演習,https://ocw.kyoto-u.ac.jp/syllabus/?act=detail&syllabus_id=tech_5568&year=2022
京都大学 工学部 情報学科,プログラミング言語,https://ocw.kyoto-u.ac.jp/syllabus/?act=detail&syllabus_id=tech_5467&year=2022
京都大学 工学部 情報学科,計算機科学実験及演習１,https://ocw.kyoto-u.ac.jp/syllabus/?act=detail&syllabus_id=tech_5521&year=2022
京都工芸繊維大学 工芸科学部 設計工学域,ソフトウェア演習Ⅰ,https://www.syllabus.kit.ac.jp/?c=detail&pk=1110&schedule_code=12222401&sk=99&dc=01&ac=05&sc=037
京都工芸繊維大学 工芸科学部 設計工学域,ソフトウェア演習Ⅱ,https://www.syllabus.kit.ac.jp/?c=detail&pk=1111&schedule_code=12214401&sk=99&dc=01&ac=05&sc=037
京都工芸繊維大学 工芸科学部 設計工学域,データ構造とアルゴリズム,https://www.syllabus.kit.ac.jp/?c=detail&pk=1105&schedule_code=12224301&sk=99&dc=01&ac=05&sc=037&sn=%E3%82%A2%E3%83%AB%E3%82%B4%E3%83%AA%E3%82%BA%E3%83%A0
京都工芸繊維大学 工芸科学部 設計工学域,プログラミングⅠ,https://www.syllabus.kit.ac.jp/?c=detail&pk=1108&schedule_code=12223101&sk=99&dc=01&ac=05&sc=037
京都工芸繊維大学 工芸科学部 設計工学域,プログラミングⅡ,https://www.syllabus.kit.ac.jp/?c=detail&pk=1109&schedule_code=12214301&sk=99&dc=01&ac=05&sc=037
京都工芸繊維大学 工芸科学部 設計工学域,プログラミング言語論,https://www.syllabus.kit.ac.jp/?c=detail&pk=1117&schedule_code=12222201&sk=99&dc=01&ac=05&sc=037&page=2
京都工芸繊維大学 工芸科学部 設計工学域,情報システムプログラミング,https://www.syllabus.kit.ac.jp/?c=detail&pk=1132&schedule_code=12225303&sk=99&dc=01&ac=05&sc=037&page=2
佐賀大学 理工学部 理工学科,コンピュータプログラミング,https://eagle4.fu.is.saga-u.ac.jp/syllabus/
佐賀大学 理工学部 理工学科,データ構造とアルゴリズム,https://eagle4.fu.is.saga-u.ac.jp/syllabus/
佐賀大学 理工学部 理工学科,プログラミング概論Ⅰ,https://eagle4.fu.is.saga-u.ac.jp/syllabus/
佐賀大学 理工学部 理工学科,プログラミング概論Ⅱ,https://eagle4.fu.is.saga-u.ac.jp/syllabus/
佐賀大学 理工学部 理工学科,プログラミング概論Ⅲ,https://eagle4.fu.is.saga-u.ac.jp/syllabus/
佐賀大学 理工学部 理工学科,プログラミング演習Ⅰ,https://eagle4.fu.is.saga-u.ac.jp/syllabus/
佐賀大学 理工学部 理工学科,プログラミング演習Ⅱ,https://eagle4.fu.is.saga-u.ac.jp/syllabus/
信州大学 工学部 電子情報システム工学科,アルゴリズムとデータ構造,https://campus-3.shinshu-u.ac.jp/syllabusj/Display?NENDO=2022&BUKYOKU=T&CODE=T2C02200
信州大学 工学部 電子情報システム工学科,アルゴリズム基礎,https://campus-3.shinshu-u.ac.jp/syllabusj/Display?NENDO=2022&BUKYOKU=T&CODE=T2018209
信州大学 工学部 電子情報システム工学科,プログラミング言語Ⅰ,https://campus-3.shinshu-u.ac.jp/syllabusj/Display?NENDO=2022&BUKYOKU=T&CODE=T2004110
信州大学 工学部 電子情報システム工学科,プログラミング言語Ⅱ,https://campus-3.shinshu-u.ac.jp/syllabusj/Display?NENDO=2022&BUKYOKU=T&CODE=T2BC1200
信州大学 工学部 電子情報システム工学科,プログラミング言語論,https://campus-3.shinshu-u.ac.jp/syllabusj/Display?NENDO=2022&BUKYOKU=T&CODE=T2053300
信州大学 工学部 電子情報システム工学科,応用プログラミング言語,https://campus-3.shinshu-u.ac.jp/syllabusj/Display?NENDO=2022&BUKYOKU=T&CODE=T2054300
北海道大学 工学部 情報エレクトロニクス学科,アルゴリズムとデータ構造,http://syllabus01.academic.hokudai.ac.jp/Syllabi/Public/Syllabus/SylDetail.aspx?langMode=1
北海道大学 工学部 情報エレクトロニクス学科,計算機プログラミングⅠ,http://syllabus01.academic.hokudai.ac.jp/Syllabi/Public/Syllabus/SylDetail.aspx?langMode=1
北海道大学 工学部 情報エレクトロニクス学科,計算機プログラミングⅡ,http://syllabus01.academic.hokudai.ac.jp/Syllabi/Public/Syllabus/SylDetail.aspx?langMode=1
北海道大学 工学部 情報エレクトロニクス学科,計算機プログラミング演習,http://syllabus01.academic.hokudai.ac.jp/Syllabi/Public/Syllabus/SylDetail.aspx?langMode=1
北見工業大学 工学部 地球未来デザイン工学科,PythonプログラミングI,https://uguisu-v2.office.kitami-it.ac.jp/index.php/search/show/id/905054
北見工業大学 工学部 地球未来デザイン工学科,PythonプログラミングII,https://uguisu-v2.office.kitami-it.ac.jp/index.php/search/show/id/905187
北見工業大学 工学部 地球未来デザイン工学科,データ構造とアルゴリズム,https://uguisu-v2.office.kitami-it.ac.jp/index.php/search/show/id/904871
北見工業大学 工学部 地球未来デザイン工学科,プログラミング入門I,https://uguisu-v2.office.kitami-it.ac.jp/index.php/search/show/id/904811
北見工業大学 工学部 地球未来デザイン工学科,プログラミング入門Ⅱ,https://uguisu-v2.office.kitami-it.ac.jp/index.php/search/show/id/905247
北見工業大学 工学部 地球未来デザイン工学科,プログラミング入門Ⅲ,https://uguisu-v2.office.kitami-it.ac.jp/index.php/search/show/id/905244
北見工業大学 工学部 地球未来デザイン工学科,プログラミング言語,https://uguisu-v2.office.kitami-it.ac.jp/index.php/search/show/id/904879
千葉大学 理学部 数学・情報数理学科,アルゴリズム論,https://syllabus.gs.chiba-u.jp/2022/101106101034000/S011413501/ja_JP
千葉大学 理学部 数学・情報数理学科,プログラミング,https://syllabus.gs.chiba-u.jp/2022/101106101034000/S011406401/ja_JP
千葉大学 理学部 数学・情報数理学科,プログラミング言語論Ⅰ,https://syllabus.gs.chiba-u.jp/2022/101106101034000/S011313201/ja_JP
千葉大学 理学部 数学・情報数理学科,プログラミング言語論Ⅱ,https://syllabus.gs.chiba-u.jp/2022/101106101034000/S011313301/ja_JP
千葉大学 理学部 数学・情報数理学科,情報システム基礎論,https://syllabus.gs.chiba-u.jp/2022/101106101034000/S011406501/ja_JP
千葉大学 理学部 数学・情報数理学科,情報学演習,https://syllabus.gs.chiba-u.jp/2022/101106101034000/S011407601/ja_JP
千葉大学 理学部 数学・情報数理学科,計算機演習,https://syllabus.gs.chiba-u.jp/2022/101106101034000/S011407501/ja_JP
千葉大学 理学部 数学・情報数理学科,計算機科学概論,https://syllabus.gs.chiba-u.jp/2022/101106101034000/S011417201/ja_JP
名古屋大学 情報学部 コンピュータ科学科,アルゴリズム１,https://syllabus.adm.nagoya-u.ac.jp/data/2022/10_2022_X310001000191.html
名古屋大学 情報学部 コンピュータ科学科,アルゴリズム２,https://syllabus.adm.nagoya-u.ac.jp/data/2022/10_2022_X310001000211.html
名古屋大学 情報学部 コンピュータ科学科,オブジェクト指向言語及び演習,https://syllabus.adm.nagoya-u.ac.jp/data/2022/10_2022_X320001001029.html
名古屋大学 情報学部 コンピュータ科学科,プログラミング１,https://syllabus.adm.nagoya-u.ac.jp/data/2022/10_2022_X310001000061.html
名古屋大学 情報学部 コンピュータ科学科,プログラミング２,https://syllabus.adm.nagoya-u.ac.jp/data/2022/10_2022_X310001000081.html
名古屋工業大学 工学部 情報工学科,データ構造とアルゴリズム,https://syllabus.ict.nitech.ac.jp/view.php?id=69373
名古屋工業大学 工学部 情報工学科,プログラミングⅠ,https://syllabus.ict.nitech.ac.jp/view.php?id=73265
名古屋工業大学 工学部 情報工学科,プログラミングⅡ,https://syllabus.ict.nitech.ac.jp/view.php?id=69385
名古屋工業大学 工学部 情報工学科,知能プログラミング演習Ⅰ,https://syllabus.ict.nitech.ac.jp/view.php?id=69651
和歌山大学 システム工学部 システム工学科,アルゴリズム演習,https://web.wakayama-u.ac.jp/syllabus/S1/S1_S1407760_S1_ja_JP_6.html
和歌山大学 システム工学部 システム工学科,オブジェクト指向プログラミング演習,https://web.wakayama-u.ac.jp/syllabus/S1/S1_S1405140_S1_ja_JP_245.html
和歌山大学 システム工学部 システム工学科,データ構造とアルゴリズム,https://web.wakayama-u.ac.jp/syllabus/S1/S1_S1405850_S1_ja_JP_66.html
和歌山大学 システム工学部 システム工学科,基礎プログラミング演習,https://web.wakayama-u.ac.jp/syllabus/S1/S1_S1407770_S1_ja_JP_56.html
埼玉大学 工学部 情報工学科,データ構造とアルゴリズム,https://risyu.saitama-u.ac.jp/Portal/Public/Syllabus/DetailMain.aspx?lct_year=2022&lct_cd=T73120&je_cd=1
埼玉大学 工学部 情報工学科,プログラミング入門,https://risyu.saitama-u.ac.jp/Portal/Public/Syllabus/DetailMain.aspx?lct_year=2022&lct_cd=T73200&je_cd=1
埼玉大学 工学部 情報工学科,プログラミング演習Ⅰ,https://risyu.saitama-u.ac.jp/Portal/Public/Syllabus/DetailMain.aspx?lct_year=2022&lct_cd=T73210&je_cd=1
埼玉大学 工学部 情報工学科,プログラミング演習Ⅱ,https://risyu.saitama-u.ac.jp/Portal/Public/Syllabus/DetailMain.aspx?lct_year=2022&lct_cd=T73130&je_cd=1
埼玉大学 工学部 情報工学科,プログラミング演習Ⅲ,https://risyu.saitama-u.ac.jp/Portal/Public/Syllabus/DetailMain.aspx?lct_year=2022&lct_cd=T73150&je_cd=1
埼玉大学 工学部 情報工学科,情報基礎,https://risyu.saitama-u.ac.jp/Portal/Public/Syllabus/DetailMain.aspx?lct_year=2022&lct_cd=TX67111&je_cd=1
大分大学 理工学部 共創理工学科,アルゴリズム論,https://www.st.oita-u.ac.jp/students/undergraduate/doc/syl_intelligence.pdf
大分大学 理工学部 共創理工学科,ソフトウエア工学１,https://www.st.oita-u.ac.jp/students/undergraduate/doc/syl_intelligence.pdf
大分大学 理工学部 共創理工学科,ソフトウエア開発演習１,https://www.st.oita-u.ac.jp/students/undergraduate/doc/syl_intelligence.pdf
大分大学 理工学部 共創理工学科,基礎プログラミング,https://www.st.oita-u.ac.jp/students/undergraduate/doc/syl_intelligence.pdf
大分大学 理工学部 共創理工学科,基礎プログラミング演習１,https://www.st.oita-u.ac.jp/students/undergraduate/doc/syl_intelligence.pdf
大分大学 理工学部 共創理工学科,基礎プログラミング演習２,https://www.st.oita-u.ac.jp/students/undergraduate/doc/syl_intelligence.pdf
大分大学 理工学部 共創理工学科,応用プログラミング演習１,https://www.st.oita-u.ac.jp/students/undergraduate/doc/syl_intelligence.pdf
大分大学 理工学部 共創理工学科,応用プログラミング演習２,https://www.st.oita-u.ac.jp/students/undergraduate/doc/syl_intelligence.pdf
大阪大学 基礎工学部 情報科学科,データ構造とアルゴリズム,https://koan.osaka-u.ac.jp/campusweb/campussquare.do?_flowExecutionKey=_c913F69EF-0F55-1294-3B2C-7F5A1590514E_k8F1AFCA7-338D-2BEC-9985-AFF1FAAC445B
大阪大学 基礎工学部 情報科学科,プログラミングＡ,https://koan.osaka-u.ac.jp/campusweb/campussquare.do?_flowExecutionKey=_cDFBABAAB-BFF1-EE7B-DF22-D9D03F75474C_k041801B3-A3AA-7C1C-6FAD-C79CA52EA139
大阪大学 基礎工学部 情報科学科,プログラミングＢ,https://koan.osaka-u.ac.jp/campusweb/campussquare.do?_flowExecutionKey=_cDFBABAAB-BFF1-EE7B-DF22-D9D03F75474C_k269F0304-1591-C2C3-3287-3D54041807AC
大阪大学 基礎工学部 情報科学科,プログラミングＣ,https://koan.osaka-u.ac.jp/campusweb/campussquare.do?_flowExecutionKey=_cDFBABAAB-BFF1-EE7B-DF22-D9D03F75474C_kC6FD0125-E987-1614-E84E-E38880A12FFA
大阪大学 基礎工学部 情報科学科,プログラミングＤ,https://koan.osaka-u.ac.jp/campusweb/campussquare.do?_flowExecutionKey=_cDFBABAAB-BFF1-EE7B-DF22-D9D03F75474C_k921CD312-C00D-71EF-5593-6C2C9A501F0F
大阪大学 基礎工学部 情報科学科,情報科学基礎,https://koan.osaka-u.ac.jp/campusweb/campussquare.do?_flowExecutionKey=_cDFBABAAB-BFF1-EE7B-DF22-D9D03F75474C_k61C9B4CE-B98C-1B5C-4CEE-943CA0EDEE30
大阪大学 工学部 電子情報工学科,コンピュータサイエンスとプログラミングI,https://koan.osaka-u.ac.jp/campusweb/campussquare.do?_flowExecutionKey=_cDFBABAAB-BFF1-EE7B-DF22-D9D03F75474C_kD9059360-FB7E-0A58-9468-4EA0FD1C2CEE
大阪大学 工学部 電子情報工学科,コンピュータサイエンスとプログラミング　II,https://koan.osaka-u.ac.jp/campusweb/campussquare.do?_flowExecutionKey=_cDFBABAAB-BFF1-EE7B-DF22-D9D03F75474C_k1C99DE15-D5ED-7D06-007A-57AF8FA16B02
宇都宮大学 工学部 基盤工学科,計算機ﾌﾟﾛｸﾞﾗﾐﾝｸﾞ,http://gakumu.km.utsunomiya-u.ac.jp/syllabusHtml/utsunomiya_syllabus/2022/1D/data/2022_T740081.html
宇都宮大学 工学部 基盤工学科,ﾃﾞｰﾀ構造とｱﾙｺﾞﾘｽﾞﾑ,http://gakumu.km.utsunomiya-u.ac.jp/syllabusHtml/utsunomiya_syllabus/2022/1D/data/2022_T740022.html
宇都宮大学 工学部 基盤工学科,ﾌﾟﾛｸﾞﾗﾐﾝｸﾞ,http://gakumu.km.utsunomiya-u.ac.jp/syllabusHtml/utsunomiya_syllabus/2022/1D/data/2022_T710026.html
宇都宮大学 工学部 基盤工学科,ﾌﾟﾛｸﾞﾗﾐﾝｸﾞ演習Ⅰ,http://gakumu.km.utsunomiya-u.ac.jp/syllabusHtml/utsunomiya_syllabus/2022/1D/data/2022_T740030.html
宇都宮大学 工学部 基盤工学科,ﾌﾟﾛｸﾞﾗﾐﾝｸﾞ演習Ⅱ,http://gakumu.km.utsunomiya-u.ac.jp/syllabusHtml/utsunomiya_syllabus/2022/1D/data/2022_T740031.html
宇都宮大学 工学部 基盤工学科,ﾌﾟﾛｸﾞﾗﾐﾝｸﾞ演習Ⅲ,http://gakumu.km.utsunomiya-u.ac.jp/syllabusHtml/utsunomiya_syllabus/2022/1D/data/2022_T740032.html
富山大学 工学部 工学科,アルゴリズムとデータ構造,https://www.new-syllabus.adm.u-toyama.ac.jp/syllabus/2022/7050/7050_175208.html
富山大学 工学部 工学科,オブジェクト指向,https://www.new-syllabus.adm.u-toyama.ac.jp/syllabus/2022/7050/7050_176208.html
富山大学 工学部 工学科,プログラミング基礎,https://www.new-syllabus.adm.u-toyama.ac.jp/syllabus/2022/7050/7050_175201.html
富山大学 工学部 工学科,プログラミング実習Ａ,https://www.new-syllabus.adm.u-toyama.ac.jp/syllabus/2022/7050/7050_175203.html
富山大学 工学部 工学科,プログラミング実習Ｂ,https://www.new-syllabus.adm.u-toyama.ac.jp/syllabus/2022/7050/7050_176204.html
富山大学 工学部 工学科,プログラミング応用Ｂ,https://www.new-syllabus.adm.u-toyama.ac.jp/syllabus/2022/7050/7050_176200.html
山口大学 工学部 知能情報工学科,アルゴリズムとデータ構造,https://www.kyoumu.jimu.yamaguchi-u.ac.jp/portal/Public/Syllabus/DetailMain.aspx?lct_year=2022&lct_cd=1062520290&je_cd=1
山口大学 工学部 知能情報工学科,プログラミングI,https://www.kyoumu.jimu.yamaguchi-u.ac.jp/portal/Public/Syllabus/DetailMain.aspx?lct_year=2022&lct_cd=1062510060&je_cd=1
山口大学 工学部 知能情報工学科,プログラミングII,https://www.kyoumu.jimu.yamaguchi-u.ac.jp/portal/Public/Syllabus/DetailMain.aspx?lct_year=2022&lct_cd=1061520090&je_cd=1
山口大学 工学部 知能情報工学科,プログラミングIII,https://www.kyoumu.jimu.yamaguchi-u.ac.jp/portal/Public/Syllabus/DetailMain.aspx?lct_year=2022&lct_cd=1062520120&je_cd=1
山口大学 工学部 知能情報工学科,プログラミング演習I,https://www.kyoumu.jimu.yamaguchi-u.ac.jp/portal/Public/Syllabus/DetailMain.aspx?lct_year=2022&lct_cd=1062510080&je_cd=1
山口大学 工学部 知能情報工学科,プログラミング演習II,https://www.kyoumu.jimu.yamaguchi-u.ac.jp/portal/Public/Syllabus/DetailMain.aspx?lct_year=2022&lct_cd=1061520110&je_cd=1
山口大学 工学部 知能情報工学科,プログラミング演習III,https://www.kyoumu.jimu.yamaguchi-u.ac.jp/portal/Public/Syllabus/DetailMain.aspx?lct_year=2022&lct_cd=1062520130&je_cd=1
山口大学 理学部 物理・情報科学科,データ構造とアルゴリズム,https://www.kyoumu.jimu.yamaguchi-u.ac.jp/portal/Public/Syllabus/DetailMain.aspx?lct_year=2022&lct_cd=1041220054&je_cd=1
山口大学 理学部 物理・情報科学科,プログラミング演習Ⅰ,https://www.kyoumu.jimu.yamaguchi-u.ac.jp/portal/Public/Syllabus/DetailMain.aspx?lct_year=2022&lct_cd=1042200014&je_cd=1
山口大学 理学部 物理・情報科学科,プログラミング演習Ⅱ,https://www.kyoumu.jimu.yamaguchi-u.ac.jp/portal/Public/Syllabus/DetailMain.aspx?lct_year=2022&lct_cd=1041200015&je_cd=1
山口大学 理学部 物理・情報科学科,プログラミング言語Ⅰ,https://www.kyoumu.jimu.yamaguchi-u.ac.jp/portal/Public/Syllabus/DetailMain.aspx?lct_year=2022&lct_cd=1042200012&je_cd=1
山口大学 理学部 物理・情報科学科,プログラミング言語Ⅱ,https://www.kyoumu.jimu.yamaguchi-u.ac.jp/portal/Public/Syllabus/DetailMain.aspx?lct_year=2022&lct_cd=1041200013&je_cd=1
山形大学 工学部 情報・エレクトロニクス学科,データ構造とアルゴリズム,https://www.yamagata-u.ac.jp/gakumu/syllabus/2022/5sylla.htm
山形大学 工学部 情報・エレクトロニクス学科,プログラミング演習Ⅰ（情報・知能）,https://www.yamagata-u.ac.jp/gakumu/syllabus/2022/html/05_52518.html
山形大学 工学部 情報・エレクトロニクス学科,プログラミング演習Ⅰ（電気・電子通信）,https://www.yamagata-u.ac.jp/gakumu/syllabus/2022/html/05_52411.html
山形大学 工学部 情報・エレクトロニクス学科,プログラミング演習Ⅱ（情報・知能）,https://www.yamagata-u.ac.jp/gakumu/syllabus/2022/html/05_52559.html
山形大学 工学部 情報・エレクトロニクス学科,プログラミング演習Ⅱ（電気・電子通信）,https://www.yamagata-u.ac.jp/gakumu/syllabus/2022/html/05_52452.html
山形大学 工学部 情報・エレクトロニクス学科,プログラミング演習Ⅲ,https://www.yamagata-u.ac.jp/gakumu/syllabus/2022/html/05_53531.html
山形大学 工学部 情報・エレクトロニクス学科,プログラミング言語,https://www.yamagata-u.ac.jp/gakumu/syllabus/2022/html/05_53522.html
山梨大学 工学部 コンピュータ理工学科,アルゴリズムとデータ構造I,https://syllabus.yamanashi.ac.jp/2022/syllabus.php?jikanno=TCS207
山梨大学 工学部 コンピュータ理工学科,アルゴリズムとデータ構造II,https://syllabus.yamanashi.ac.jp/2022/syllabus.php?jikanno=TCS209
山梨大学 工学部 コンピュータ理工学科,アルゴリズムとデータ構造I演習,https://syllabus.yamanashi.ac.jp/2022/syllabus.php?jikanno=TCS208
山梨大学 工学部 コンピュータ理工学科,プログラミング基礎,https://syllabus.yamanashi.ac.jp/2022/syllabus.php?jikanno=TCS103
山梨大学 工学部 コンピュータ理工学科,プログラミング基礎演習,https://syllabus.yamanashi.ac.jp/2022/syllabus.php?jikanno=TCS104
山梨大学 工学部 コンピュータ理工学科,プログラミング応用,https://syllabus.yamanashi.ac.jp/2022/syllabus.php?jikanno=TCS105
山梨大学 工学部 コンピュータ理工学科,プログラミング応用演習,https://syllabus.yamanashi.ac.jp/2022/syllabus.php?jikanno=TCS106
岐阜大学 工学部 電気電子・情報工学科,アルゴリズム論,https://alss-portal.gifu-u.ac.jp/campusweb/slbssbdr.do?value(risyunen)=2022&value(semekikn)=1&value(kougicd)=1TDB8231A0&value(crclumcd)=T-2022
岐阜大学 工学部 電気電子・情報工学科,プログラミング基礎,https://alss-portal.gifu-u.ac.jp/campusweb/slbssbdr.do?risyunen=2022&semekikn=1&kougicd=2TDX0152A1
岐阜大学 工学部 電気電子・情報工学科,プログラミング実践I ,https://alss-portal.gifu-u.ac.jp/campusweb/slbssbdr.do?risyunen=2022&semekikn=1&kougicd=2TDB8311B0
岐阜大学 工学部 電気電子・情報工学科,プログラミング応用,https://alss-portal.gifu-u.ac.jp/campusweb/slbssbdr.do?risyunen=2022&semekikn=1&kougicd=1TDXD281A1
岡山大学 工学部 情報・電気・数理データサイエンス系,UNIXプログラミング,https://kyomu.adm.okayama-u.ac.jp/Portal/Public/Syllabus/DetailMain.aspx?lct_year=2022&lct_cd=2022092106&je_cd=1
岡山大学 工学部 情報・電気・数理データサイエンス系,オブジェクト指向プログラミング,https://kyomu.adm.okayama-u.ac.jp/Portal/Public/Syllabus/DetailMain.aspx?lct_year=2022&lct_cd=2022092113&je_cd=1
岡山大学 工学部 情報・電気・数理データサイエンス系,システムプログラミング１,https://kyomu.adm.okayama-u.ac.jp/Portal/Public/Syllabus/DetailMain.aspx?lct_year=2022&lct_cd=2022098410&je_cd=1
岡山大学 工学部 情報・電気・数理データサイエンス系,システムプログラミング２,https://kyomu.adm.okayama-u.ac.jp/Portal/Public/Syllabus/DetailMain.aspx?lct_year=2022&lct_cd=2022098411&je_cd=1
岡山大学 工学部 情報・電気・数理データサイエンス系,データ構造とアルゴリズム,https://kyomu.adm.okayama-u.ac.jp/Portal/Public/Syllabus/DetailMain.aspx?lct_year=2022&lct_cd=2022098401&je_cd=1
岡山大学 工学部 情報・電気・数理データサイエンス系,プログラミング,https://kyomu.adm.okayama-u.ac.jp/Portal/Public/Syllabus/DetailMain.aspx?lct_year=2022&lct_cd=2022095118&je_cd=1
岡山大学 工学部 情報・電気・数理データサイエンス系,プログラミング演習１,https://kyomu.adm.okayama-u.ac.jp/Portal/Public/Syllabus/DetailMain.aspx?lct_year=2022&lct_cd=2022098404&je_cd=1
岡山大学 工学部 情報・電気・数理データサイエンス系,プログラミング演習２,https://kyomu.adm.okayama-u.ac.jp/Portal/Public/Syllabus/DetailMain.aspx?lct_year=2022&lct_cd=2022098405&je_cd=1
岡山大学 工学部 情報・電気・数理データサイエンス系,プログラミング言語演習Ⅱ,https://kyomu.adm.okayama-u.ac.jp/Portal/Public/Syllabus/DetailMain.aspx?lct_year=2022&lct_cd=2022092028&je_cd=1
岡山大学 工学部 情報・電気・数理データサイエンス系,プログラミング言語演習Ｉ,https://kyomu.adm.okayama-u.ac.jp/Portal/Public/Syllabus/DetailMain.aspx?lct_year=2022&lct_cd=2022092010&je_cd=1
岩手大学 理工学部 システム創成工学科,データ構造とアルゴリズム,https://ia2.iwate-u.ac.jp/websyllabus/kensaku/slbsCtlSyllabusKensaku.php?new=1
岩手大学 理工学部 システム創成工学科,プログラミング言語入門,https://ia2.iwate-u.ac.jp/websyllabus/kensaku/slbsCtlSyllabusKensaku.php?new=1
岩手大学 理工学部 システム創成工学科,プログラミング言語及び演習Ⅰ,https://ia2.iwate-u.ac.jp/websyllabus/kensaku/slbsCtlSyllabusKensaku.php?new=1
岩手大学 理工学部 システム創成工学科,プログラミング言語及び演習Ⅱ,https://ia2.iwate-u.ac.jp/websyllabus/kensaku/slbsCtlSyllabusKensaku.php?new=1
岩手大学 理工学部 システム創成工学科,プログラミング言語及び演習Ⅲ,https://ia2.iwate-u.ac.jp/websyllabus/kensaku/slbsCtlSyllabusKensaku.php?new=1
島根大学 総合理工学部 知能情報デザイン学科,Cプログラミング,https://gkm2019-sy.shimane-u.ac.jp/syllabusHtml/2022/04/04_TA50011_ja_JP.html
島根大学 総合理工学部 知能情報デザイン学科,アルゴリズムとデータ構造,https://gkm2019-sy.shimane-u.ac.jp/syllabusHtml/2022/04/04_T340201_ja_JP.html
島根大学 総合理工学部 知能情報デザイン学科,アルゴリズム基礎,https://gkm2019-sy.shimane-u.ac.jp/syllabusHtml/2022/04/04_TA50062_ja_JP.html
島根大学 総合理工学部 知能情報デザイン学科,オブジェクト指向プログラミング,https://gkm2019-sy.shimane-u.ac.jp/syllabusHtml/2022/04/04_TA51012_ja_JP.html
島根大学 総合理工学部 知能情報デザイン学科,Ｒｕｂｙプログラミング,https://gkm2019-sy.shimane-u.ac.jp/syllabusHtml/2022/04/04_TB50212_ja_JP.html
弘前大学 理工学部 電子情報工学科,アルゴリズム,https://gkm.hirosaki-u.ac.jp/syllabus/syllabus_2022/syllabus_2022_04/04/04_7221000123_ja_JP.html
弘前大学 理工学部 電子情報工学科,プログラミング基礎,https://gkm.hirosaki-u.ac.jp/syllabus/syllabus_2022/syllabus_2022_04/04/04_7222000109_ja_JP.html
弘前大学 理工学部 電子情報工学科,プログラミング演習I,https://gkm.hirosaki-u.ac.jp/syllabus/syllabus_2022/syllabus_2022_04/04/04_7222000107_ja_JP.html
弘前大学 理工学部 電子情報工学科,プログラミング演習II,https://gkm.hirosaki-u.ac.jp/syllabus/syllabus_2022/syllabus_2022_04/04/04_7221000124_ja_JP.html
弘前大学 理工学部 電子情報工学科,プログラミング演習III,https://gkm.hirosaki-u.ac.jp/syllabus/syllabus_2022/syllabus_2022_04/04/04_7222000118_ja_JP.html
徳島大学 理工学部 理工学科,アルゴリズムとデータ構造,https://eweb.stud.tokushima-u.ac.jp/Portal/Public/Syllabus/DetailMain.aspx?lct_year=2022&lct_cd=615133D&je_cd=1
徳島大学 理工学部 理工学科,プログラミング入門及び演習,https://eweb.stud.tokushima-u.ac.jp/Portal/Public/Syllabus/DetailMain.aspx?lct_year=2022&lct_cd=615134D&je_cd=1
徳島大学 理工学部 理工学科,プログラミング方法論,https://eweb.stud.tokushima-u.ac.jp/Portal/Public/Syllabus/DetailMain.aspx?lct_year=2022&lct_cd=615008D&je_cd=1
愛媛大学 工学部 工学科,Cプログラミング,https://campus.ehime-u.ac.jp/Portal/Public/Syllabus/SyllabusSearchStart.aspx?lct_year=2022&lct_cd=15304&je_cd=1
愛媛大学 工学部 工学科,Cプログラミング演習,https://campus.ehime-u.ac.jp/Portal/Public/Syllabus/SyllabusSearchStart.aspx?lct_year=2022&lct_cd=15301&je_cd=1
愛媛大学 工学部 工学科,C言語入門,https://campus.ehime-u.ac.jp/Portal/Public/Syllabus/SyllabusSearchStart.aspx?lct_year=2022&lct_cd=25036&je_cd=1
愛媛大学 工学部 工学科,オブジェクト指向プログラミング,https://campus.ehime-u.ac.jp/Portal/Public/Syllabus/SyllabusSearchStart.aspx?lct_year=2022&lct_cd=25302&je_cd=1
愛媛大学 工学部 工学科,データ構造とアルゴリズム,https://campus.ehime-u.ac.jp/Portal/Public/Syllabus/SyllabusSearchStart.aspx?lct_year=2022&lct_cd=15302&je_cd=1
愛媛大学 工学部 工学科,構造化プログラミング,https://campus.ehime-u.ac.jp/Portal/Public/Syllabus/SyllabusSearchStart.aspx?lct_year=2022&lct_cd=15113&je_cd=1
愛媛大学 工学部 工学科,関数型プログラミング,https://campus.ehime-u.ac.jp/Portal/Public/Syllabus/SyllabusSearchStart.aspx?lct_year=2022&lct_cd=25310&je_cd=1
東京大学 理学部 情報科学科,Pythonプログラミング入門,https://catalog.he.u-tokyo.ac.jp/detail?code=0590102-1&year=2022
東京大学 理学部 情報科学科,アルゴリズムとデータ構造,https://catalog.he.u-tokyo.ac.jp/detail?code=0510007&year=2022
東京大学 理学部 情報科学科,情報科学基礎実験,https://catalog.he.u-tokyo.ac.jp/detail?code=0510008&year=2022
東京工業大学 工学院 情報通信系,プログラミング基礎,http://www.ocw.titech.ac.jp/index.php?module=General&action=T0300&GakubuCD=2&GakkaCD=321800&KeiCD=18&KougiCD=202202050&Nendo=2022&lang=JA&vid=03
東京工業大学 工学院 情報通信系,プログラミング発展,http://www.ocw.titech.ac.jp/index.php?module=General&action=T0300&GakubuCD=2&GakkaCD=321800&KeiCD=18&KougiCD=202202051&Nendo=2022&lang=JA&vid=03
東京工業大学 工学院 情報通信系,離散構造とアルゴリズム,http://www.ocw.titech.ac.jp/index.php?module=General&action=T0300&GakubuCD=2&GakkaCD=321800&KeiCD=18&KougiCD=202202039&Nendo=2022&lang=JA&vid=03
東京工業大学 情報理工学院 情報工学系,オブジェクト指向プログラミング,http://www.ocw.titech.ac.jp/index.php?module=General&action=T0300&GakubuCD=4&GakkaCD=342300&KeiCD=23&KougiCD=202202431&Nendo=2022&lang=JA&vid=03
東京工業大学 情報理工学院 情報工学系,データ構造とアルゴリズム,http://www.ocw.titech.ac.jp/index.php?module=General&action=T0300&GakubuCD=4&GakkaCD=342300&KeiCD=23&KougiCD=202202429&Nendo=2022&lang=JA&vid=03
東京工業大学 情報理工学院 情報工学系,手続き型プログラミング基礎,http://www.ocw.titech.ac.jp/index.php?module=General&action=T0300&GakubuCD=4&GakkaCD=342300&KeiCD=23&KougiCD=202202417&Nendo=2022&lang=JA&vid=03
東京工業大学 情報理工学院 情報工学系,手続き型プログラミング発展,http://www.ocw.titech.ac.jp/index.php?module=General&action=T0300&GakubuCD=4&GakkaCD=342300&KeiCD=23&KougiCD=202202424&Nendo=2022&lang=JA&vid=03
東京工業大学 情報理工学院 情報工学系,関数型プログラミング基礎,http://www.ocw.titech.ac.jp/index.php?module=General&action=T0300&GakubuCD=4&GakkaCD=342300&KeiCD=23&KougiCD=202202452&Nendo=2022&lang=JA&vid=03
東京工業大学 情報理工学院 数理・計算科学系,アルゴリズムとデータ構造,http://www.ocw.titech.ac.jp/index.php?module=General&action=T0300&GakubuCD=4&GakkaCD=342200&KeiCD=22&KougiCD=202202382&Nendo=2022&lang=JA&vid=03
東京工業大学 情報理工学院 数理・計算科学系,プログラミング第一,http://www.ocw.titech.ac.jp/index.php?module=General&action=T0300&GakubuCD=4&GakkaCD=342200&KeiCD=22&KougiCD=202202384&Nendo=2022&lang=JA&vid=03
東京工業大学 情報理工学院 数理・計算科学系,プログラミング第二,http://www.ocw.titech.ac.jp/index.php?module=General&action=T0300&GakubuCD=4&GakkaCD=342200&KeiCD=22&KougiCD=202202398&Nendo=2022&lang=JA&vid=03
東京工業大学 情報理工学院 数理・計算科学系,計算機科学概論,http://www.ocw.titech.ac.jp/index.php?module=General&action=T0300&GakubuCD=4&GakkaCD=342200&KeiCD=22&KougiCD=202202383&Nendo=2022&lang=JA&vid=03
東京農工大学 工学部 知能情報システム工学科,アルゴリズム序論,https://spica.gakumu.tuat.ac.jp/syllabus/DetailMain.aspx
東京農工大学 工学部 知能情報システム工学科,アルゴリズム序論演習,https://spica.gakumu.tuat.ac.jp/syllabus/DetailMain.aspx
東京農工大学 工学部 知能情報システム工学科,アルゴリズム論,https://spica.gakumu.tuat.ac.jp/syllabus/DetailMain.aspx
東京農工大学 工学部 知能情報システム工学科,オブジェクト指向プログラミング,https://spica.gakumu.tuat.ac.jp/syllabus/DetailMain.aspx
東京農工大学 工学部 知能情報システム工学科,プログラミングⅠ,https://spica.gakumu.tuat.ac.jp/syllabus/DetailMain.aspx
東京農工大学 工学部 知能情報システム工学科,プログラミングⅠ演習,https://spica.gakumu.tuat.ac.jp/syllabus/DetailMain.aspx
東京農工大学 工学部 知能情報システム工学科,プログラミングⅡ,https://spica.gakumu.tuat.ac.jp/syllabus/DetailMain.aspx
東京農工大学 工学部 知能情報システム工学科,プログラミングⅡ演習,https://spica.gakumu.tuat.ac.jp/syllabus/DetailMain.aspx
東北大学 工学部 電気情報物理工学科,アルゴリズムとデータ構造,https://qsl.cds.tohoku.ac.jp/qsl/syllabus/display/tb24143
東北大学 工学部 電気情報物理工学科,プログラミング演習Ａ,https://qsl.cds.tohoku.ac.jp/qsl/syllabus/display/tb23072
東北大学 工学部 電気情報物理工学科,プログラミング演習Ｂ,https://qsl.cds.tohoku.ac.jp/qsl/syllabus/display/tb25091
東北大学 工学部 電気情報物理工学科,情報処理演習,https://qsl.cds.tohoku.ac.jp/qsl/syllabus/display/tb62021
横浜国立大学 理工学部 数物・電子情報系学科,アルゴリズムとデータ構造,https://risyu.jmk.ynu.ac.jp/gakumu_portal/Public/Syllabus/DetailMain.aspx?lct_year=2022&lct_cd=6Z2201A&je_cd=1
横浜国立大学 理工学部 数物・電子情報系学科,プログラミング,https://risyu.jmk.ynu.ac.jp/gakumu_portal/Public/Syllabus/DetailMain.aspx?lct_year=2022&lct_cd=6Z2211A&je_cd=1
横浜国立大学 理工学部 数物・電子情報系学科,プログラミング入門,https://risyu.jmk.ynu.ac.jp/gakumu_portal/Public/Syllabus/DetailMain.aspx?lct_year=2022&lct_cd=6Z1204A&je_cd=1
横浜国立大学 理工学部 数物・電子情報系学科,プログラミング演習Ⅰ,https://risyu.jmk.ynu.ac.jp/gakumu_portal/Public/Syllabus/DetailMain.aspx?lct_year=2022&lct_cd=6Z2212A&je_cd=1
横浜国立大学 理工学部 数物・電子情報系学科,プログラミング演習Ⅱ,https://risyu.jmk.ynu.ac.jp/gakumu_portal/Public/Syllabus/DetailMain.aspx?lct_year=2022&lct_cd=6I2205Z&je_cd=1
熊本大学 工学部 情報電気工学科,アルゴリズム論Ⅰ,http://syllabus.kumamoto-u.ac.jp/pub/syllabus.html?locale=ja&sylocale=&nendo=2022&jikanwari_shozokucd=25&jikanwaricd=34100&nendoS=2022&jikanwari_shozokucdS=&kaikoS=&kamokuS=%E3%82%A2%E3%83%AB%E3%82%B4%E3%83%AA%E3%82%BA%E3%83%A0&jikanwaricdS=&tanto_kyoinS=&keywordS=&jitumuS=&limitS=100
熊本大学 工学部 情報電気工学科,アルゴリズム論Ⅱ,http://syllabus.kumamoto-u.ac.jp/pub/syllabus.html?locale=ja&sylocale=&nendo=2022&jikanwari_shozokucd=25&jikanwaricd=35420&nendoS=2022&jikanwari_shozokucdS=&kaikoS=&kamokuS=%E3%82%A2%E3%83%AB%E3%82%B4%E3%83%AA%E3%82%BA%E3%83%A0&jikanwaricdS=&tanto_kyoinS=&keywordS=&jitumuS=&limitS=100
熊本大学 工学部 情報電気工学科,プログラミング方法論,http://syllabus.kumamoto-u.ac.jp/pub/syllabus.html?locale=ja&sylocale=&nendo=2022&jikanwari_shozokucd=25&jikanwaricd=34070&nendoS=2022&jikanwari_shozokucdS=25&kaikoS=&kamokuS=&jikanwaricdS=&tanto_kyoinS=&keywordS=%E3%83%97%E3%83%AD%E3%82%B0%E3%83%A9%E3%83%9F%E3%83%B3%E3%82%B0&jitumuS=&limitS=3000
熊本大学 工学部 情報電気工学科,プログラミング演習Ⅰ,http://syllabus.kumamoto-u.ac.jp/pub/syllabus.html?locale=ja&sylocale=&nendo=2022&jikanwari_shozokucd=25&jikanwaricd=34080&nendoS=2022&jikanwari_shozokucdS=25&kaikoS=&kamokuS=&jikanwaricdS=&tanto_kyoinS=&keywordS=%E3%83%97%E3%83%AD%E3%82%B0%E3%83%A9%E3%83%9F%E3%83%B3%E3%82%B0&jitumuS=&limitS=3000
熊本大学 工学部 情報電気工学科,プログラミング演習Ⅱ,http://syllabus.kumamoto-u.ac.jp/pub/syllabus.html?locale=ja&sylocale=&nendo=2022&jikanwari_shozokucd=25&jikanwaricd=35300&nendoS=2022&jikanwari_shozokucdS=25&kaikoS=&kamokuS=%E3%83%97%E3%83%AD%E3%82%B0%E3%83%A9%E3%83%9F%E3%83%B3%E3%82%B0%E6%BC%94%E7%BF%92&jikanwaricdS=&tanto_kyoinS=&keywordS=&jitumuS=&limitS=3000
琉球大学 工学部 工学科,アルゴリズムとデータ構造,https://tiglon.jim.u-ryukyu.ac.jp/portal/Public/Syllabus/DetailMain.aspx?lct_year=2022&lct_cd=617005001&je_cd=1
琉球大学 工学部 工学科,プログラミングⅠ,https://tiglon.jim.u-ryukyu.ac.jp/portal/Public/Syllabus/DetailMain.aspx?lct_year=2022&lct_cd=610004071&je_cd=1
琉球大学 工学部 工学科,プログラミングⅡ,https://tiglon.jim.u-ryukyu.ac.jp/portal/Public/Syllabus/DetailMain.aspx?lct_year=2022&lct_cd=610011072&je_cd=1
琉球大学 工学部 工学科,プログラミング演習Ⅰ,https://tiglon.jim.u-ryukyu.ac.jp/portal/Public/Syllabus/DetailMain.aspx?lct_year=2022&lct_cd=617000001&je_cd=1
琉球大学 工学部 工学科,プログラミング演習Ⅱ,https://tiglon.jim.u-ryukyu.ac.jp/portal/Public/Syllabus/DetailMain.aspx?lct_year=2022&lct_cd=617001002&je_cd=1
神戸大学 工学部 情報知能工学科,アルゴリズム・データ構造,https://kym22-web.ofc.kobe-u.ac.jp/kobe_syllabus/2022/0926/data/2022_1T303.html
神戸大学 工学部 情報知能工学科,アルゴリズム・データ構造演習,https://kym22-web.ofc.kobe-u.ac.jp/kobe_syllabus/2022/0926/data/2022_1T312.html
神戸大学 工学部 情報知能工学科,プログラミング演習Ⅰ	,https://kym22-web.ofc.kobe-u.ac.jp/kobe_syllabus/2022/0926/data/2022_1T326.html
神戸大学 工学部 情報知能工学科,プログラミング演習Ⅱ	,https://kym22-web.ofc.kobe-u.ac.jp/kobe_syllabus/2022/0926/data/2022_3T332.html
福井大学 工学部 電気電子情報工学科,オブジェクト指向言語Ⅰ,https://syllabus1.sao.u-fukui.ac.jp
福井大学 工学部 電気電子情報工学科,データ構造とアルゴリズム(a),https://syllabus1.sao.u-fukui.ac.jp
福井大学 工学部 電気電子情報工学科,データ構造とアルゴリズム(b),https://syllabus1.sao.u-fukui.ac.jp
福井大学 工学部 電気電子情報工学科,データ構造とアルゴリズム演習,https://syllabus1.sao.u-fukui.ac.jp
福井大学 工学部 電気電子情報工学科,プログラミング基礎Ⅰ,https://syllabus1.sao.u-fukui.ac.jp
福井大学 工学部 電気電子情報工学科,プログラミング基礎Ⅱ,https://syllabus1.sao.u-fukui.ac.jp
秋田大学 理工学部 数理・電気電子情報学科,データ構造とアルゴリズムⅠ,https://anet.akita-u.ac.jp/portal/slbssbdr.do?value(risyunen)=2022&value(semekikn)=1&value(kougicd)=32713001&value(crclumcd)=
秋田大学 理工学部 数理・電気電子情報学科,データ構造とアルゴリズムⅡ,https://anet.akita-u.ac.jp/portal/slbssbdr.do?value(risyunen)=2022&value(semekikn)=1&value(kougicd)=32713002&value(crclumcd)=
秋田大学 理工学部 数理・電気電子情報学科,データ構造とアルゴリズムⅢ,https://anet.akita-u.ac.jp/portal/slbssbdr.do?value(risyunen)=2022&value(semekikn)=1&value(kougicd)=32713003&value(crclumcd)=
秋田大学 理工学部 数理・電気電子情報学科,データ構造とアルゴリズムⅣ,https://anet.akita-u.ac.jp/portal/slbssbdr.do?value(risyunen)=2022&value(semekikn)=1&value(kougicd)=32713004&value(crclumcd)=
秋田大学 理工学部 数理・電気電子情報学科,基礎プログラミングⅠ ,https://anet.akita-u.ac.jp/portal/slbssbdr.do?value(risyunen)=2022&value(semekikn)=1&value(kougicd)=32712031&value(crclumcd)=
秋田大学 理工学部 数理・電気電子情報学科,基礎プログラミングⅡ ,https://anet.akita-u.ac.jp/portal/slbssbdr.do?value(risyunen)=2022&value(semekikn)=1&value(kougicd)=32713025&value(crclumcd)=
秋田大学 理工学部 数理・電気電子情報学科,応用プログラミングⅠ ,https://anet.akita-u.ac.jp/portal/slbssbdr.do?value(risyunen)=2022&value(semekikn)=1&value(kougicd)=32713026&value(crclumcd)=
秋田大学 理工学部 数理・電気電子情報学科,応用プログラミングⅡ ,https://anet.akita-u.ac.jp/portal/slbssbdr.do?value(risyunen)=2022&value(semekikn)=1&value(kougicd)=32713027&value(crclumcd)=
筑波大学 情報学群 情報メディア創成学類,データ構造とアルゴリズム,https://kdb.tsukuba.ac.jp/syllabi/2022/GC12401/jpn/0
筑波大学 情報学群 情報メディア創成学類,データ構造とアルゴリズム実習,https://kdb.tsukuba.ac.jp/syllabi/2022/GC12403/jpn/0
筑波大学 情報学群 情報メディア創成学類,プログラミング,https://kdb.tsukuba.ac.jp/syllabi/2022/GC12701/jpn/0
筑波大学 情報学群 情報メディア創成学類,プログラミング入門A,https://kdb.tsukuba.ac.jp/syllabi/2022/GA18222/jpn/0
筑波大学 情報学群 情報メディア創成学類,プログラミング入門B,https://kdb.tsukuba.ac.jp/syllabi/2022/GA18322/jpn/0
筑波大学 情報学群 情報科学類,オブジェクト指向プログラミング,https://kdb.tsukuba.ac.jp/syllabi/2022/GB13024/jpn/0
筑波大学 情報学群 情報科学類,コンピュータとプログラミング,https://kdb.tsukuba.ac.jp/syllabi/2022/GB11964/jpn/0
筑波大学 情報学群 情報科学類,データ構造とアルゴリズム,https://kdb.tsukuba.ac.jp/syllabi/2022/GB11931/jpn/0
筑波大学 情報学群 情報科学類,データ構造とアルゴリズム実験,https://kdb.tsukuba.ac.jp/syllabi/2022/GB11956/jpn/0
筑波大学 情報学群 情報科学類,プログラミング入門A,https://kdb.tsukuba.ac.jp/syllabi/2022/GA18212/jpn/0
筑波大学 情報学群 情報科学類,プログラミング入門B,https://kdb.tsukuba.ac.jp/syllabi/2022/GA18312/jpn/0
筑波大学 情報学群 情報科学類,プログラム言語論,https://kdb.tsukuba.ac.jp/syllabi/2022/GB21201/jpn/0
筑波技術大学 保健科学部 情報システム学科,アルゴリズムとデータ構造,https://www2.tsukuba-tech.ac.jp/department/hs/syllabus_r4/cs_junior/9h/_2022_2_9h840_arugorizumutode-taxx.html
筑波技術大学 保健科学部 情報システム学科,オブジェクト指向言語,https://www2.tsukuba-tech.ac.jp/department/hs/syllabus_r4/cs_sophomore/9h/_2022_2_9h220.html
筑波技術大学 保健科学部 情報システム学科,オブジェクト指向言語演習,https://www2.tsukuba-tech.ac.jp/department/hs/syllabus_r4/cs_sophomore/9h/_2022_2_9h230.html
筑波技術大学 保健科学部 情報システム学科,プログラミング概論,https://www2.tsukuba-tech.ac.jp/department/hs/syllabus_r4/cs_freshman0/9h/_2022_2_9h100.html
筑波技術大学 保健科学部 情報システム学科,プログラミング概論演習,https://www2.tsukuba-tech.ac.jp/department/hs/syllabus_r4/cs_freshman0/9h/_2022_2_9h110.html
筑波技術大学 産業技術学部 産業情報学科,アルゴリズムとデータ構造,https://www2.tsukuba-tech.ac.jp/department/it/it_syllabus_r4/sb/sb123arugorizumutode-taxx.html
筑波技術大学 産業技術学部 産業情報学科,ソフトウェア工学・演習１,https://www2.tsukuba-tech.ac.jp/department/it/it_syllabus_r4/sb/sb073sofutoueaxxxxx1.html
筑波技術大学 産業技術学部 産業情報学科,プログラミング演習１,https://www2.tsukuba-tech.ac.jp/department/it/it_syllabus_r4/sb/sb022puroguraminguxx1.html
筑波技術大学 産業技術学部 産業情報学科,プログラミング演習２,https://www2.tsukuba-tech.ac.jp/department/it/it_syllabus_r4/sb/sb083puroguraminguxx2.html
群馬大学 情報学部 情報学科,アルゴリズムⅠ,https://www.kyomu-sys.gunma-u.ac.jp/Portal/Public/Syllabus/DetailMain.aspx?lct_year=2022&lct_cd=TB7465&je_cd=1
群馬大学 情報学部 情報学科,アルゴリズムⅡ,https://www.kyomu-sys.gunma-u.ac.jp/Portal/Public/Syllabus/DetailMain.aspx?lct_year=2022&lct_cd=TB8463&je_cd=1
群馬大学 情報学部 情報学科,プログラミング演習１,https://www.kyomu-sys.gunma-u.ac.jp/Portal/Public/Syllabus/DetailMain.aspx?lct_year=2022&lct_cd=JB5001&je_cd=1
群馬大学 情報学部 情報学科,プログラミング演習２,https://www.kyomu-sys.gunma-u.ac.jp/Portal/Public/Syllabus/DetailMain.aspx?lct_year=2022&lct_cd=JB5002&je_cd=1
群馬大学 情報学部 情報学科,プログラミング言語Ⅲ,https://www.kyomu-sys.gunma-u.ac.jp/Portal/Public/Syllabus/DetailMain.aspx?lct_year=2022&lct_cd=TB7459&je_cd=1
群馬大学 情報学部 情報学科,プログラミング言語Ⅳ,https://www.kyomu-sys.gunma-u.ac.jp/Portal/Public/Syllabus/DetailMain.aspx?lct_year=2022&lct_cd=TB8454&je_cd=1
群馬大学 情報学部 情報学科,プログラミング言語１b,https://www.kyomu-sys.gunma-u.ac.jp/Portal/Public/Syllabus/DetailMain.aspx?lct_year=2022&lct_cd=JB1008&je_cd=1
群馬大学 情報学部 情報学科,プログラミング言語２b,https://www.kyomu-sys.gunma-u.ac.jp/Portal/Public/Syllabus/DetailMain.aspx?lct_year=2022&lct_cd=JB1304&je_cd=1
茨城大学 工学部 情報工学科,アルゴリズムとデータ構造Ⅰ,https://idc.ibaraki.ac.jp/Portal/Public/Syllabus/DetailMain.aspx?lct_year=2022&lct_cd=T7518&je_cd=1
茨城大学 工学部 情報工学科,アルゴリズムとデータ構造Ⅱ,https://idc.ibaraki.ac.jp/Portal/Public/Syllabus/DetailMain.aspx?lct_year=2022&lct_cd=T7519&je_cd=1
茨城大学 工学部 情報工学科,プログラミング演習Ⅰ,https://idc.ibaraki.ac.jp/Portal/Public/Syllabus/DetailMain.aspx?lct_year=2022&lct_cd=T5005&je_cd=1
茨城大学 工学部 情報工学科,プログラミング演習Ⅱ,https://idc.ibaraki.ac.jp/Portal/Public/Syllabus/DetailMain.aspx?lct_year=2022&lct_cd=T5006&je_cd=1
茨城大学 工学部 情報工学科,プログラミング演習Ⅲ,https://idc.ibaraki.ac.jp/Portal/Public/Syllabus/DetailMain.aspx?lct_year=2022&lct_cd=T7508&je_cd=1
茨城大学 工学部 情報工学科,プログラミング演習Ⅳ,https://idc.ibaraki.ac.jp/Portal/Public/Syllabus/DetailMain.aspx?lct_year=2022&lct_cd=T7510&je_cd=1
豊橋技術科学大学 工学部 情報・知能工学課程,アルゴリズムとデータ構造,https://kyomu.office.tut.ac.jp/Portal/Public/Syllabus/SyllabusSearchStart.aspx?lct_year=2022&lct_cd=B13610030&je_cd=1
豊橋技術科学大学 工学部 情報・知能工学課程,プログラミング応用演習Ⅰ,https://kyomu.office.tut.ac.jp/Portal/Public/Syllabus/DetailMain.aspx?lct_year=2022&lct_cd=B13510140&je_cd=1
豊橋技術科学大学 工学部 情報・知能工学課程,プログラミング応用演習Ⅱ,https://kyomu.office.tut.ac.jp/Portal/Public/Syllabus/DetailMain.aspx?lct_year=2022&lct_cd=B13510150&je_cd=1
豊橋技術科学大学 工学部 情報・知能工学課程,プログラミング演習,https://kyomu.office.tut.ac.jp/Portal/Public/Syllabus/DetailMain.aspx?lct_year=2022&lct_cd=B13510130&je_cd=1
長崎大学 情報データ科学部 情報データ科学科,データ構造とアルゴリズム,https://nuweb.nagasaki-u.ac.jp/campusweb/campussquare.do?_flowExecutionKey=_cE8A5BDCF-8BC6-C084-3011-BC35802B3BBD_k9C7956A1-CE51-07DA-455A-58365CFB2802
長崎大学 情報データ科学部 情報データ科学科,プログラミング概論,https://nuweb.nagasaki-u.ac.jp/campusweb/campussquare.do?_flowExecutionKey=_cE8A5BDCF-8BC6-C084-3011-BC35802B3BBD_k45E13268-46DF-B3EE-09B1-67C87F49D216
長崎大学 情報データ科学部 情報データ科学科,プログラミング演習Ⅰ,https://nuweb.nagasaki-u.ac.jp/campusweb/campussquare.do?_flowExecutionKey=_cE8A5BDCF-8BC6-C084-3011-BC35802B3BBD_kA9DBA5D0-6052-664E-F8D9-894B7A91635B
長崎大学 情報データ科学部 情報データ科学科,プログラミング演習Ⅱ,https://nuweb.nagasaki-u.ac.jp/campusweb/campussquare.do?_flowExecutionKey=_cE8A5BDCF-8BC6-C084-3011-BC35802B3BBD_k9AACFCB9-BEC2-FACA-988A-4C028FA15CCE
長崎大学 情報データ科学部 情報データ科学科,プログラミング演習Ⅲ,https://nuweb.nagasaki-u.ac.jp/campusweb/campussquare.do?_flowExecutionKey=_cE8A5BDCF-8BC6-C084-3011-BC35802B3BBD_kD2128360-F220-C297-794D-2DC770B5B411
長崎大学 情報データ科学部 情報データ科学科,プログラミング言語論,https://nuweb.nagasaki-u.ac.jp/campusweb/campussquare.do?_flowExecutionKey=_cE8A5BDCF-8BC6-C084-3011-BC35802B3BBD_kC494EC3D-8976-84C1-0F4F-F455B7B183AA
電気通信大学 情報理工学域 Ⅰ類 （情報系）,アルゴリズム論第一,http://kyoumu.office.uec.ac.jp/syllabus/2022/31/31_21122210.html
電気通信大学 情報理工学域 Ⅰ類 （情報系）,アルゴリズム論第二,http://kyoumu.office.uec.ac.jp/syllabus/2022/31/31_21124117.html
電気通信大学 情報理工学域 Ⅰ類 （情報系）,プログラミング通論,http://kyoumu.office.uec.ac.jp/syllabus/2022/31/31_21122111.html
電気通信大学 情報理工学域 Ⅰ類 （情報系）,基礎プログラミングおよび演習,http://kyoumu.office.uec.ac.jp/syllabus/2022/31/31_21019263.html
電気通信大学 情報理工学域 Ⅰ類 （情報系）,情報領域演習第一,http://kyoumu.office.uec.ac.jp/syllabus/2022/31/31_21122113.html
電気通信大学 情報理工学域 Ⅰ類 （情報系）,情報領域演習第一,http://kyoumu.office.uec.ac.jp/syllabus/2022/31/31_21122204.html
電気通信大学 情報理工学域 Ⅰ類 （情報系）,情報領域演習第三,http://kyoumu.office.uec.ac.jp/syllabus/2022/31/31_21122207.html
静岡大学 情報学部 情報科学科,アルゴリズムとデータ構造,https://syllabus.shizuoka.ac.jp/ext_syllabus/syllabusReferenceContentsInit.do;jsessionid=z489Jc8cRZIuRgnwsnEH82o2uRfONT6a51TCz4Jb?subjectId=215500081008&formatCode=1&rowIndex=1&jikanwariSchoolYear=2022
静岡大学 情報学部 情報科学科,アルゴリズムとデータ構造基礎,https://syllabus.shizuoka.ac.jp/ext_syllabus/syllabusReferenceContentsInit.do;jsessionid=z489Jc8cRZIuRgnwsnEH82o2uRfONT6a51TCz4Jb?subjectId=215500086976&formatCode=1&rowIndex=2&jikanwariSchoolYear=2022
静岡大学 情報学部 情報科学科,プログラミング,https://syllabus.shizuoka.ac.jp/ext_syllabus/syllabusReferenceContentsInit.do;jsessionid=ihfxZ116bCgqZ4MSFBL7EIwZPUpL9gS3AuJ5B6QG?subjectId=215500090137&formatCode=1&rowIndex=0&jikanwariSchoolYear=2022
静岡大学 情報学部 情報科学科,プログラミング入門,https://syllabus.shizuoka.ac.jp/ext_syllabus/syllabusReferenceContentsInit.do;jsessionid=ihfxZ116bCgqZ4MSFBL7EIwZPUpL9gS3AuJ5B6QG?subjectId=215500090139&formatCode=1&rowIndex=6&jikanwariSchoolYear=2022
香川大学 創造工学部 創造工学科,アルゴリズム演習,https://www2.st.kagawa-u.ac.jp/Portal/Public/Syllabus/DetailMain.aspx?lct_year=2022&lct_cd=5005080
香川大学 創造工学部 創造工学科,オブジェクト指向言語,https://www2.st.kagawa-u.ac.jp/Portal/Public/Syllabus/DetailMain.aspx?lct_year=2022&lct_cd=5005190
香川大学 創造工学部 創造工学科,オブジェクト指向言語演習,https://www2.st.kagawa-u.ac.jp/Portal/Public/Syllabus/DetailMain.aspx?lct_year=2022&lct_cd=5005200
香川大学 創造工学部 創造工学科,データ構造とアルゴリズム,https://www2.st.kagawa-u.ac.jp/Portal/Public/Syllabus/DetailMain.aspx?lct_year=2022&lct_cd=5005070
香川大学 創造工学部 創造工学科,プログラミング,https://www2.st.kagawa-u.ac.jp/Portal/Public/Syllabus/DetailMain.aspx?lct_year=2022&lct_cd=5000533
香川大学 創造工学部 創造工学科,中級プログラミング,https://www2.st.kagawa-u.ac.jp/Portal/Public/Syllabus/DetailMain.aspx?lct_year=2022&lct_cd=5005030
高知大学 理工学部 情報科学科,アルゴリズムとデータ構造,http://www-kulas.jimu.kochi-u.ac.jp/Portal/Public/Syllabus/Syllabus/DetailMain.aspx?lct_year=2022&lct_cd=72124
高知大学 理工学部 情報科学科,プログラミング演習I,http://www-kulas.jimu.kochi-u.ac.jp/Portal/Public/Syllabus/Syllabus/DetailMain.aspx?lct_year=2022&lct_cd=72102
高知大学 理工学部 情報科学科,プログラミング演習II,http://www-kulas.jimu.kochi-u.ac.jp/Portal/Public/Syllabus/Syllabus/DetailMain.aspx?lct_year=2022&lct_cd=72103
高知大学 理工学部 情報科学科,プログラミング演習III,http://www-kulas.jimu.kochi-u.ac.jp/Portal/Public/Syllabus/Syllabus/DetailMain.aspx?lct_year=2022&lct_cd=72127
鳥取大学 工学部 電気情報系学科,データ構造とアルゴリズムⅠ,https://sass-sb.adm.tottori-u.ac.jp/tottori_syllabus/2022/04/04_TB15160020_ja_JP.html
鳥取大学 工学部 電気情報系学科,データ構造とアルゴリズムⅡ,https://sass-sb.adm.tottori-u.ac.jp/tottori_syllabus/2022/04/04_TB15170020_ja_JP.html
鳥取大学 工学部 電気情報系学科,プログラミングⅠ,https://sass-sb.adm.tottori-u.ac.jp/tottori_syllabus/2022/04/04_T147800020_ja_JP.html
鳥取大学 工学部 電気情報系学科,プログラミングⅡ,https://sass-sb.adm.tottori-u.ac.jp/tottori_syllabus/2022/04/04_T231040020_ja_JP.html
鳥取大学 工学部 電気情報系学科,プログラミング演習Ⅰ,https://sass-sb.adm.tottori-u.ac.jp/tottori_syllabus/2022/04/04_TB15460020_ja_JP.html
鳥取大学 工学部 電気情報系学科,プログラミング演習Ⅱ,https://sass-sb.adm.tottori-u.ac.jp/tottori_syllabus/2022/04/04_TB15470020_ja_JP.html
鳥取大学 工学部 電気情報系学科,プログラミング演習Ⅲ,https://sass-sb.adm.tottori-u.ac.jp/tottori_syllabus/2022/04/04_TB15480020_ja_JP.html
鹿児島大学 工学部 先進工学科,アルゴリズムとデータ構造,https://kadai-houbun.jp/engine/wp-content/uploads/2023/05/2022syllabus_leh.pdf
鹿児島大学 工学部 先進工学科,プログラミング序論演習,https://kadai-houbun.jp/engine/wp-content/uploads/2023/05/2022syllabus_leh.pdf
鹿児島大学 工学部 先進工学科,プログラミング言語IIおよび演習,https://kadai-houbun.jp/engine/wp-content/uploads/2023/05/2022syllabus_leh.pdf
鹿児島大学 工学部 先進工学科,プログラミング言語I及び演習,https://kadai-houbun.jp/engine/wp-content/uploads/2023/05/2022syllabus_leh.pdf
